{
  "project_info": {
    "project_number": "208971004160",
    "project_id": "instagram-421ae",
    "storage_bucket": "instagram-421ae.appspot.com"
  },
  "client": [
    {
      "client_info": {
        "mobilesdk_app_id": "1:208971004160:android:480ecc28c77637ae6b1be5",
        "android_client_info": {
          "package_name": "com.example.myapplicationinstagram"
        }
      },
      "oauth_client": [
        {
          "client_id": "208971004160-koq39abnfiu57tr0rp3ifld887gs6lut.apps.googleusercontent.com",
          "client_type": 3
        }
      ],
      "api_key": [
        {
          "current_key": "AIzaSyCQ9Ixw8mCwA_0Rr4v3Zir4o0hLQM05sZk"
        }
      ],
      "services": {
        "appinvite_service": {
          "other_platform_oauth_client": [
            {
              "client_id": "208971004160-koq39abnfiu57tr0rp3ifld887gs6lut.apps.googleusercontent.com",
              "client_type": 3
            }
          ]
        }
      }
    }
  ],
  "configuration_version": "1"
}